School Year,School Level,School ID,School Name,State School ID,Zip Code,Grade PreK 3yrs,Grade PreK 4yrs,Grade K,Grade 1,Grade 2,Grade 3,Grade 4,Grade 5,Grade 6,Grade 7,Grade 8,Grade 9,Grade 10,Grade 11,Grade 12,American Indian or Alaska Native,Asian,Black or African American,Hispanic/Latino,Native Hawaiian or Other Pacific Islander,White,Male,Female,Economically Disadvantaged,Disability,Limited English Proficiency,Latitude,Longitude,Mapped Location
18-19,Charter,743,Valor Flagship Academy,8045,37211,,,,,,,,120,120,116,133,223,,,,,45,104,131,2,430,349,363,230,78,185,36.07080058,-86.72549463,"(36.07080058, -86.72549463)"
18-19,Middle School,545,Madison Middle,622,37115,,,,,,,,156,131,123,144,,,,,,2,316,166,,70,303,251,382,81,145,36.26389402,-86.71620849,"(36.26389402, -86.71620849)"
18-19,High School,450,Hume-Fogg High,355,37203,,,,,,,,,,,,222,228,224,209,4,95,206,57,1,520,338,545,81,36,3,36.15952461,-86.78153602,"(36.15952461, -86.78153602)"
18-19,Elementary School,575,Thomas A. Edison Elementary,208,37013,4,31,135,156,155,144,164,,,,,,,,,,19,281,214,1,274,406,383,377,79,314,36.06288453,-86.60463837,"(36.06288453, -86.60463837)"
18-19,Elementary School,185,Carter-Lawrence Elementary,670,37203,,17,44,44,58,52,63,,,,,,,,,1,2,225,19,1,30,139,139,162,31,37,36.14365344,-86.78585349,"(36.14365344, -86.78585349)"
18-19,High School,290,East Nashville School,203,37206,,,,,,,,,,,,172,180,190,145,1,5,631,18,,32,303,384,272,52,3,36.18062644,-86.75047137,"(36.18062644, -86.75047137)"
18-19,Charter,305,Explore Community School,8060,37206,,,68,76,68,68,,,,,,,,,,1,2,147,14,,116,129,151,127,38,4,36.17436415,-86.75164889,"(36.17436415, -86.75164889)"
18-19,Charter,501,KIPP Nashville College Prep Elementary,8085,37207,,,83,91,76,,,,,,,,,,,2,,224,18,,6,135,115,171,34,14,36.23825258,-86.80366466,"(36.23825258, -86.80366466)"
18-19,Middle School,783,Creswell Middle School of the Arts,700,37218,,,,,,,,111,94,85,101,,,,,2,1,336,10,,42,144,247,188,47,3,36.19606322,-86.83753939,"(36.19606322, -86.83753939)"
18-19,Charter,696,STEM Prep High School,8075,37210,,,,,,,,,,,,135,120,105,96,,9,70,261,,116,244,212,170,43,153,36.13541685,-86.73862237,"(36.13541685, -86.73862237)"
18-19,Middle School,238,Croft Middle,148,37211,,,,,,,,219,193,182,174,,,,,,21,160,369,,218,396,372,307,81,316,36.08747494,-86.73414769,"(36.08747494, -86.73414769)"
18-19,Middle School,355,Goodlettsville Middle,275,37072,,,,,,,,148,166,154,136,,,,,2,19,257,182,1,143,307,297,303,80,147,36.31815052,-86.71246409,"(36.31815052, -86.71246409)"
18-19,Middle School,563,John Trotwood Moore Middle,490,37204,,,,,,,,224,206,186,153,,,,,1,25,206,39,2,496,419,350,191,96,27,36.09577221,-86.80199502,"(36.09577221, -86.80199502)"
18-19,Elementary School,380,Julia Green Elementary,415,37215,,,104,87,82,94,73,,,,,,,,,1,28,24,11,1,375,230,210,37,48,12,36.10272398,-86.83311931,"(36.10272398, -86.83311931)"
18-19,Elementary School,145,Norman Binkley Elementary,525,37211,4,29,130,97,104,118,87,,,,,,,,,,38,60,298,1,172,266,303,307,59,312,36.07697621,-86.7484948,"(36.07697621, -86.7484948)"
18-19,Elementary School,200,Chadwell Elementary,105,37115,,20,57,59,69,68,82,,,,,,,,,2,5,192,113,,43,181,174,232,49,76,36.25637022,-86.74167109,"(36.25637022, -86.74167109)"
18-19,Elementary School,252,Dodson Elementary,165,37076,3,26,97,73,83,75,74,,,,,,,,,2,9,241,76,2,101,218,213,257,84,70,36.19090848,-86.60331793,"(36.19090848, -86.60331793)"
18-19,Elementary School,485,Jones Elementary,387,37208,,,40,54,54,49,56,,,,,,,,,,,248,3,,2,124,129,133,28,1,36.18115373,-86.80139789,"(36.18115373, -86.80139789)"
18-19,Charter,118,Brick Church College Prep,118,37207,,,,,,,,87,79,70,75,,,,,3,2,256,36,,14,169,142,241,11,47,36.22073858,-86.78175245,"(36.22073858, -86.78175245)"
18-19,High School,632,Pearl-Cohn High,555,37208,,,,,,,,,,,,148,135,143,119,1,,519,16,,9,262,283,397,131,14,36.1645404,-86.81513616,"(36.1645404, -86.81513616)"
18-19,High School,787,Whites Creek High School,704,37189,,,,,,,,,,,,146,153,152,159,,2,515,29,1,63,289,321,376,118,13,36.27664532,-86.81883299,"(36.27664532, -86.81883299)"
18-19,Charter,589,Nashville Academy of Computer Science,8055,37207,,,,,,,,69,68,67,66,,,,,1,,185,51,,33,171,99,164,63,35,36.23496427,-86.78246535,"(36.23496427, -86.78246535)"
18-19,High School,532,McGavock High,470,37214,,,,,,,,,,,1,553,579,539,479,6,60,855,388,5,837,1070,1081,871,286,174,36.18544319,-86.67784935,"(36.18544319, -86.67784935)"
18-19,Alternative Learning Center,116,W.A. Bass Alternative Learning Center,126,37209,,,,,,,,,,,,31,41,36,17,,1,107,7,,10,78,47,96,33,5,36.15458411,-86.85100166,"(36.15458411, -86.85100166)"
18-19,Charter,512,KA @ The Crossings MS,8105,37013,,,,,,,,91,73,73,35,,,,,,6,115,91,,60,135,137,115,26,123,36.04506646,-86.65158341,"(36.04506646, -86.65158341)"
18-19,High School,110,Antioch High School,20,37013,,,,,,,,,,,,478,473,513,446,1,87,684,709,1,428,1025,885,769,219,546,36.04667464,-86.59941833,"(36.04667464, -86.59941833)"
18-19,High School,440,Hillwood High,340,37205,,,,,,,,,,,,258,286,240,262,1,74,352,162,1,456,570,476,377,173,118,36.11880669,-86.8739002,"(36.11880669, -86.8739002)"
18-19,Middle School,510,Isaac Litton Middle,365,37216,,,,,,,,127,123,110,116,,,,,2,7,194,44,,229,252,224,199,79,31,36.22821545,-86.72215874,"(36.22821545, -86.72215874)"
18-19,Special Education,397,Harris-Hillman Special Education,302,37212,483,206,46,43,48,42,32,27,22,27,22,11,5,10,90,1,49,294,148,2,620,730,384,249,358,49,36.13759485,-86.80760421,"(36.13759485, -86.80760421)"
18-19,Elementary School,620,Park Avenue Elementary,545,37209,,39,51,64,60,65,82,,,,,,,,,1,,337,15,,8,188,173,291,53,14,36.1510157,-86.8296779,"(36.1510157, -86.8296779)"
18-19,Elementary School,165,Buena Vista Elementary,70,37208,,29,35,42,38,52,36,,,,,,,,,,,211,12,1,8,117,115,208,34,9,36.17774116,-86.79813805,"(36.17774116, -86.79813805)"
18-19,Elementary School,495,Tom Joy Elementary,635,37207,,38,70,64,69,67,77,,,,,,,,,,3,229,105,1,47,193,192,284,66,82,36.20864749,-86.75662302,"(36.20864749, -86.75662302)"
18-19,Elementary School,451,Hull-Jackson Elementary,350,37208,75,73,67,62,45,62,59,,,,,,,,,6,11,387,16,,23,212,231,228,38,9,36.19031869,-86.80717823,"(36.19031869, -86.80717823)"
18-19,Middle School,675,Rose Park Middle,595,37203,,,,,,,,125,116,104,94,,,,,,12,256,38,1,132,230,209,104,29,42,36.14240589,-86.78131452,"(36.14240589, -86.78131452)"
18-19,Middle School,100,Margaret Allen Middle,450,37210,,,,,,,,101,128,130,110,,,,,2,14,204,167,,82,234,235,257,70,204,36.14606234,-86.72164617,"(36.14606234, -86.72164617)"
18-19,Middle School,285,John Early Middle,386,37208,,,,,,,,64,60,73,90,,,,,,10,240,18,,19,156,131,237,53,11,36.18715342,-86.80471307,"(36.18715342, -86.80471307)"
18-19,Elementary School,310,J.E. Moss Elementary,370,37013,5,30,151,185,139,147,144,,,,,,,,,1,54,119,542,,85,407,394,395,80,470,36.06735338,-86.66974658,"(36.06735338, -86.66974658)"
18-19,Elementary School,560,Dan Mills Elementary,160,37216,3,32,121,101,104,97,92,,,,,,,,,3,8,81,80,1,377,280,270,130,57,51,36.21863826,-86.71708395,"(36.21863826, -86.71708395)"
18-19,Elementary School,784,Robert Churchwell Elementary,618,37208,,17,49,60,58,66,56,,,,,,,,,,,295,5,,6,156,150,275,51,8,36.17535384,-86.8094237,"(36.17535384, -86.8094237)"
18-19,Special Education,585,Murrell School,505,37210,,,,3,7,5,10,5,9,4,2,,,,,,,36,2,,7,37,8,37,44,2,36.13754885,-86.79002142,"(36.13754885, -86.79002142)"
18-19,Elementary School,460,Andrew Jackson Elementary,15,37138,5,28,92,82,89,113,92,,,,,,,,,,18,148,67,1,267,256,245,129,73,36,36.23158465,-86.62377469,"(36.23158465, -86.62377469)"
18-19,Charter,592,Nashville Classical,8044,37206,,,73,63,69,66,66,51,,,,,,,,1,3,265,30,,89,197,191,174,46,11,36.17997265,-86.74607311,"(36.17997265, -86.74607311)"
18-19,Elementary School,530,McGavock Elementary,465,37214,,20,52,55,57,52,53,,,,,,,,,1,6,97,96,1,88,147,142,154,34,97,36.160559,-86.68103494,"(36.160559, -86.68103494)"
18-19,Elementary School,717,Tulip Grove Elementary,637,37076,15,31,103,78,97,86,90,,,,,,,,,5,19,164,136,1,175,254,246,203,90,103,36.19849607,-86.61088893,"(36.19849607, -86.61088893)"
18-19,Adult,114,W. A. Bass Adult Program,125,37209,,,,,,,,,,,,46,10,157,47,2,14,171,34,1,38,119,141,145,62,75,36.15407313,-86.85187659,"(36.15407313, -86.85187659)"
18-19,Charter,687,Smithson Craighead Academy,8001,37115,,,32,36,40,40,38,,,,,,,,,,,88,87,1,10,87,99,106,30,59,36.25102507,-86.69661996,"(36.25102507, -86.69661996)"
18-19,Middle School,410,Head Middle,315,37203,,,,,,,,168,171,102,117,,,,,1,21,350,36,1,149,296,262,154,40,38,36.15860499,-86.80440551,"(36.15860499, -86.80440551)"
18-19,Elementary School,135,Bellshire Elementary,45,37207,17,43,65,53,47,68,56,,,,,,,,,,1,293,29,,26,161,188,254,58,29,36.26968766,-86.76230026,"(36.26968766, -86.76230026)"
18-19,Elementary School,335,Glengarry Elementary,255,37217,,17,83,61,78,72,68,,,,,,,,,1,5,55,256,1,61,194,185,209,35,237,36.11038989,-86.70642502,"(36.11038989, -86.70642502)"
18-19,Middle School,296,East Nashville Middle,296,37206,,,,,,,,77,95,94,85,,,,,,2,318,10,1,20,168,183,199,53,11,36.18886165,-86.73324272,"(36.18886165, -86.73324272)"
18-19,Charter,499,KIPP Academy Nashville Elementary,8095,37206,,,93,99,91,76,102,,,,,,,,,1,6,425,7,,22,232,229,409,69,7,36.16747626,-86.75191017,"(36.16747626, -86.75191017)"
18-19,Elementary School,496,A. Z. Kelley Elementary,1,37013,,40,153,148,173,175,151,,,,,,,,,,106,283,222,1,228,415,425,334,91,310,36.02181712,-86.65884778,"(36.02181712, -86.65884778)"
18-19,Middle School,540,McMurray Middle,480,37211,,,,,,,,206,220,211,199,,,,,2,78,140,535,,81,446,390,486,72,607,36.05637961,-86.7236925,"(36.05637961, -86.7236925)"
18-19,Charter,744,Valor Voyager Academy,8080,37211,,,,,,,,123,127,126,128,,,,,,28,76,132,2,266,252,252,180,70,164,36.07065063,-86.7250512,"(36.07065063, -86.7250512)"
18-19,Elementary School,405,Haywood Elementary,310,37211,,45,117,137,94,129,143,,,,,,,,,1,105,58,437,,64,361,304,342,48,470,36.07416907,-86.70806917,"(36.07416907, -86.70806917)"
18-19,Non-Traditional - Hybrid,480,Johnson Alternative Learning Center,740,37210,,,,,,,,13,19,38,57,30,37,39,14,,2,165,58,,22,179,68,173,71,35,36.14539088,-86.76401446,"(36.14539088, -86.76401446)"
18-19,Middle School,535,Moses McKissack Middle,35,37209,,,,,,,,71,86,75,68,,,,,,,267,23,,10,144,156,253,74,22,36.15989894,-86.83194158,"(36.15989894, -86.83194158)"
18-19,Alternative Learning Center,117,Transitions at Bass,725,37209,,,,,,,,,,,,2,1,5,2,,,8,1,,1,6,4,7,3,,36.15497807,-86.85204593,"(36.15497807, -86.85204593)"
18-19,Middle School,260,Donelson Middle,175,37214,,,,,,,,205,212,191,168,,,,,2,16,345,154,2,257,392,384,379,121,147,36.16672257,-86.65633623,"(36.16672257, -86.65633623)"
18-19,Elementary School,755,Warner Elementary,675,37206,3,26,36,40,37,35,41,,,,,,,,,,1,192,11,1,13,104,114,203,27,27,36.17207534,-86.760097,"(36.17207534, -86.760097)"
18-19,Charter,695,STEM Prep Academy,8006,37210,,,,,,,,122,134,121,124,,,,,1,7,55,269,,169,250,251,238,36,360,36.13514463,-86.73860616,"(36.13514463, -86.73860616)"
18-19,Charter,508,LEAD Academy,8003,37208,,,,,,,,,,,,130,117,81,78,,5,180,178,,43,189,217,201,47,123,36.14788548,-86.7639513,"(36.14788548, -86.7639513)"
18-19,Non-Traditional,422,The Academy at Hickory Hollow,720,37013,,,,,,,,,,,,,,,39,,,12,20,,7,24,15,24,1,12,36.0503998,-86.65481973,"(36.0503998, -86.65481973)"
18-19,Elementary School,330,Glendale Elementary,250,37204,12,16,93,87,77,74,76,,,,,,,,,1,11,24,36,,363,233,202,25,41,12,36.09593592,-86.78390656,"(36.09593592, -86.78390656)"
18-19,Elementary School,205,Charlotte Park Elementary,110,37209,4,34,86,97,91,90,72,,,,,,,,,,42,87,246,1,98,258,216,224,63,234,36.15124524,-86.88371355,"(36.15124524, -86.88371355)"
18-19,Elementary School,618,Paragon Mills Elementary,540,37211,12,68,106,107,113,108,111,,,,,,,,,,72,172,285,,96,318,307,388,60,345,36.08741941,-86.7070561,"(36.08741941, -86.7070561)"
18-19,Middle School,434,H.G. Hill Middle School,295,37205,,,,,,,,198,171,160,159,,,,,3,53,208,149,,275,342,346,290,118,188,36.11637568,-86.86673001,"(36.11637568, -86.86673001)"
18-19,High School,562,Middle College High,437,37209,,,,,,,,,,,,58,,42,19,,2,54,13,,50,50,69,25,8,8,36.13469914,-86.85711693,"(36.13469914, -86.85711693)"
18-19,Middle School,612,William Henry Oliver Middle,538,37211,,,,,,,,265,242,226,223,,,,,1,76,292,140,4,443,478,478,287,110,209,36.02017398,-86.7122071,"(36.02017398, -86.7122071)"
18-19,High School,615,John Overton High,395,37220,,,,,,,,,,,,502,509,485,437,2,195,382,751,3,600,1081,852,781,180,697,36.07979927,-86.76899451,"(36.07979927, -86.76899451)"
18-19,Elementary School,640,Pennington Elementary,565,37214,4,14,50,50,58,58,42,,,,,,,,,4,6,47,60,,159,147,129,88,33,43,36.20336639,-86.68142732,"(36.20336639, -86.68142732)"
18-19,High School,242,Nashville School Of The Arts,512,37210,,,,,,,,,,,,141,133,138,114,2,12,193,44,,275,152,374,100,47,5,36.13291332,-86.74050019,"(36.13291332, -86.74050019)"
18-19,Elementary School,315,Gateway Elementary,235,37115,,,51,44,37,60,62,,,,,,,,,2,5,94,102,1,50,128,126,150,25,81,36.29220888,-86.71066018,"(36.29220888, -86.71066018)"
18-19,Elementary School,420,Hickman Elementary,327,37214,9,37,86,90,100,90,91,,,,,,,,,2,16,211,84,2,188,272,231,248,87,87,36.16497987,-86.65747884,"(36.16497987, -86.65747884)"
18-19,High School,435,Hillsboro High,335,37215,,,,,,,,,,,,299,297,270,267,2,45,571,72,,443,582,551,331,176,32,36.10706561,-86.81222916,"(36.10706561, -86.81222916)"
18-19,Elementary School,790,John B. Whitsitt Elementary,390,37210,,37,85,85,76,81,81,,,,,,,,,1,10,52,316,,66,222,223,249,51,259,36.11504485,-86.73568455,"(36.11504485, -86.73568455)"
18-19,Elementary School,235,Crieve Hall Elementary,145,37220,,,103,93,87,97,78,,,,,,,,,2,63,33,119,3,238,229,229,84,39,137,36.06574575,-86.75810305,"(36.06574575, -86.75810305)"
18-19,Elementary School,465,Joelton Elementary,380,37080,5,13,47,48,49,52,39,,,,,,,,,,2,38,26,,187,114,139,111,52,10,36.31567955,-86.86803981,"(36.31567955, -86.86803981)"
18-19,Elementary School,395,Harpeth Valley Elementary,300,37221,4,12,143,148,144,123,128,,,,,,,,,1,47,90,51,6,507,349,353,98,75,35,36.04552596,-86.95804996,"(36.04552596, -86.95804996)"
18-19,Elementary School,552,Henry C Maxwell Elementary,318,37013,4,51,96,98,119,123,116,,,,,,,,,1,56,129,254,,167,322,285,254,72,247,36.03083402,-86.67395212,"(36.03083402, -86.67395212)"
18-19,High School,452,Hunters Lane High,358,37207,,,,,,,,,,,,392,291,272,345,,14,566,522,5,193,673,627,656,143,316,36.27882755,-86.7538435,"(36.27882755, -86.7538435)"
18-19,Charter,712,Strive Collegiate Academy,8090,37214,,,,,,,,101,104,82,100,,,,,2,15,150,99,,121,200,187,138,45,95,36.17883596,-86.64322138,"(36.17883596, -86.64322138)"
18-19,Non-Traditional,211,The Academy at Old Cockrill,614,37209,,,,,,,,,,,,,,,61,,,39,12,,10,34,27,33,5,1,36.15472188,-86.84555357,"(36.15472188, -86.84555357)"
18-19,Charter,667,Rocketship Nashville Northeast Elementary,8050,37207,,,102,72,93,77,71,,,,,,,,,1,,294,108,,12,212,203,325,66,74,36.21364927,-86.7654224,"(36.21364927, -86.7654224)"
18-19,Middle School,805,Wright Middle,715,37211,,,,,,,,210,230,195,171,,,,,,34,138,517,,117,426,380,460,79,501,36.10010888,-86.73413342,"(36.10010888, -86.73413342)"
18-19,Elementary School,265,Dupont Elementary,180,37138,,36,65,69,63,73,65,,,,,,,,,2,5,99,40,,225,185,186,200,46,25,36.2613821,-86.65262579,"(36.2613821, -86.65262579)"
18-19,Elementary School,520,Lockeland Elementary,435,37206,,,55,60,58,57,58,,,,,,,,,,5,19,7,1,256,150,138,15,24,1,36.17622508,-86.73952049,"(36.17622508, -86.73952049)"
18-19,Charter,457,Intrepid College Prep Charter,8048,37013,,,,,,,,107,116,103,84,92,51,,,,6,135,336,,76,278,275,217,35,272,36.0501591,-86.64572008,"(36.0501591, -86.64572008)"
18-19,Elementary School,375,Alex Green Elementary,5,37189,,34,48,48,41,31,56,,,,,,,,,,,209,33,,16,120,138,190,21,25,36.2529607,-86.8322292,"(36.2529607, -86.8322292)"
18-19,Non-Traditional,613,The Academy at Opry Mills,612,37214,,,,,,,,,,,,,,,68,,,37,16,,15,39,29,28,6,6,36.20270057,-86.69207924,"(36.20270057, -86.69207924)"
18-19,Middle School,275,Dupont-Tyler Middle,185,37076,,,,,,,,170,124,139,145,,,,,5,16,250,148,1,158,294,284,297,90,138,36.19962251,-86.61259576,"(36.19962251, -86.61259576)"
18-19,Elementary School,710,Stratton Elementary,625,37115,,20,95,88,106,92,102,,,,,,,,,2,3,200,223,,75,257,246,311,47,191,36.26560267,-86.71768233,"(36.26560267, -86.71768233)"
18-19,Charter,660,RePublic High School,8100,37207,,,,,,,,,,,,235,151,121,118,1,4,387,184,,49,305,320,296,86,53,36.24209989,-86.77930926,"(36.24209989, -86.77930926)"
18-19,Elementary School,650,Percy Priest Elementary,570,37215,,,97,98,103,103,91,,,,,,,,,3,23,22,20,3,421,251,241,18,27,9,36.06158715,-86.83369522,"(36.06158715, -86.83369522)"
18-19,Elementary School,610,Old Center Elementary,535,37072,,40,64,61,66,72,60,,,,,,,,,1,4,166,129,,63,169,194,194,47,91,36.29120972,-86.73794896,"(36.29120972, -86.73794896)"
18-19,Elementary School,735,Una Elementary,655,37217,,40,142,157,160,129,136,,,,,,,,,,24,244,255,,241,391,373,368,67,365,36.09503036,-86.65288038,"(36.09503036, -86.65288038)"
18-19,Middle School,365,Gra-Mar Middle,285,37216,,,,,,,,92,69,89,99,,,,,,4,252,61,,32,190,159,259,61,83,36.2328428,-86.74516052,"(36.2328428, -86.74516052)"
18-19,Elementary School,370,Granbery Elementary,290,37027,,,183,147,126,153,132,,,,,,,,,4,73,115,141,2,406,366,375,148,71,133,36.0467903,-86.753046,"(36.0467903, -86.753046)"
18-19,Elementary School,670,Rosebank Elementary,600,37206,,40,70,54,45,40,45,,,,,,,,,2,7,182,30,,73,150,144,163,50,14,36.18398052,-86.71777697,"(36.18398052, -86.71777697)"
18-19,Elementary School,215,Cockrill Elementary,120,37209,4,41,51,53,60,66,54,,,,,,,,,,7,156,108,,58,168,161,216,57,84,36.15620646,-86.84514493,"(36.15620646, -86.84514493)"
18-19,High School,550,Maplewood High,445,37216,,,,,,,,,,,,196,186,200,186,,11,562,138,,57,396,372,513,144,131,36.23275198,-86.75033937,"(36.23275198, -86.75033937)"
18-19,Charter,286,East End Preparatory School,8009,37216,,,105,114,113,109,108,109,108,88,,,,,,1,7,657,124,,65,406,448,486,80,50,36.20699504,-86.71827177,"(36.20699504, -86.71827177)"
18-19,Elementary School,681,Ross Early Learning Center,7015,37206,46,192,,,,,,,,,,,,,,,2,131,25,,80,135,103,102,60,1,36.17986013,-86.75454811,"(36.17986013, -86.75454811)"
18-19,Charter,181,Cameron College Preparatory,8010,37210,,,,,,,,163,183,149,153,,,,,,5,173,419,,51,337,311,367,85,396,36.14859279,-86.76399902,"(36.14859279, -86.76399902)"
18-19,Elementary School,576,Mt. View Elementary,493,37013,5,49,120,130,125,140,111,,,,,,,,,,26,258,190,2,204,326,354,278,70,241,36.04185906,-86.60459768,"(36.04185906, -86.60459768)"
18-19,Elementary School,184,Cane Ridge Elementary,82,37013,,39,101,107,105,96,90,51,,,,,,,,4,19,291,128,1,146,302,287,278,44,210,36.03971967,-86.61815063,"(36.03971967, -86.61815063)"
18-19,Middle School,551,Thurgood Marshall Middle,633,37013,,,,,,,,228,247,240,247,,,,,1,72,399,316,,174,503,459,413,145,353,36.0223006,-86.66127077,"(36.0223006, -86.66127077)"
18-19,Elementary School,345,Glenview Elementary,265,37217,,56,110,100,119,117,111,,,,,,,,,,4,113,360,1,135,357,256,358,53,428,36.12757047,-86.70636796,"(36.12757047, -86.70636796)"
18-19,GATE Center,665,Robertson Academy Gifted School,90001,37220,18,35,,,,,,,,,,,,,,,2,3,3,,45,23,30,,1,,36.08180191,-86.77638259,"(36.08180191, -86.77638259)"
18-19,Elementary School,419,Cambridge Early Learning Center,7005,37013,,136,,,,,,,,,,,,,,,4,69,19,,44,69,67,62,8,22,36.06035009,-86.64101743,"(36.06035009, -86.64101743)"
18-19,Elementary School,415,Hermitage Elementary,320,37076,2,28,61,53,58,49,54,,,,,,,,,,5,89,68,,143,154,151,141,54,42,36.19799021,-86.63537014,"(36.19799021, -86.63537014)"
18-19,Elementary School,320,Glencliff Elementary,240,37211,,34,105,125,115,98,109,,,,,,,,,,18,64,409,1,94,296,290,289,40,349,36.10162585,-86.72309983,"(36.10162585, -86.72309983)"
18-19,Elementary School,775,Westmeade Elementary,695,37205,,,88,81,84,78,84,,,,,,,,,1,27,128,75,1,183,232,183,150,53,60,36.09199678,-86.89413665,"(36.09199678, -86.89413665)"
18-19,Middle School,555,Meigs Middle,330,37206,,,,,,,,168,174,164,169,,,,,2,70,181,48,,374,319,356,68,25,26,36.17636399,-86.76088019,"(36.17636399, -86.76088019)"
18-19,Elementary School,350,Goodlettsville Elementary,270,37072,4,31,64,58,60,66,69,,,,,,,,,3,15,121,89,5,119,187,165,163,52,65,36.31293934,-86.71048708,"(36.31293934, -86.71048708)"
18-19,Charter,668,Rocketship United,8070,37217,,,102,104,116,117,96,,,,,,,,,1,4,226,252,,52,264,271,289,51,265,36.13047686,-86.72486618,"(36.13047686, -86.72486618)"
18-19,Charter,502,KIPP Academy Nashville,8002,37207,,,,,,,,96,92,91,82,,,,,,2,190,159,,10,189,172,210,42,121,36.19453591,-86.76943925,"(36.19453591, -86.76943925)"
18-19,Charter,652,Purpose Prep,8046,37228,,,86,69,61,62,83,,,,,,,,,2,,333,13,,13,171,190,184,25,7,36.19428804,-86.79469996,"(36.19428804, -86.79469996)"
18-19,Non-Traditional,748,Metro Nashville Virtual School,3,37209,,,,,,,,,1,13,133,20,32,56,63,3,23,113,26,,153,123,195,79,17,12,36.15012141,-86.84538306,"(36.15012141, -86.84538306)"
18-19,High School,705,Stratford STEM Magnet School,620,37216,,,,,,,,92,88,87,81,169,161,136,170,2,26,686,99,1,170,525,459,646,166,120,36.19758986,-86.71806713,"(36.19758986, -86.71806713)"
18-19,Non-Traditional - Hybrid,718,The Cohn Learning Center,745,37209,,,,,,,,,,,,,9,46,,,,47,2,,6,31,24,41,15,1,36.15070892,-86.84519908,"(36.15070892, -86.84519908)"
18-19,Elementary School,765,Waverly-Belmont Elementary School,755,37204,21,7,121,104,115,102,79,,,,,,,,,1,23,235,31,,259,279,270,176,100,14,36.12646187,-86.78662956,"(36.12646187, -86.78662956)"
18-19,Elementary School,360,Gower Elementary,280,37209,6,26,108,96,115,129,125,,,,,,,,,1,56,147,69,2,330,325,280,181,112,74,36.11534205,-86.92228685,"(36.11534205, -86.92228685)"
18-19,Elementary School,278,Eagle View Elementary,115,37013,,36,100,108,83,90,93,,,,,,,,,2,13,285,131,,79,266,244,257,35,174,,,
18-19,Elementary School,225,Cole Elementary,130,37013,,78,144,146,130,136,130,,,,,,,,,1,94,81,476,1,111,378,386,420,73,431,36.05833526,-86.69862021,"(36.05833526, -86.69862021)"
18-19,Elementary School,175,Ida B. Wells Elementary,80,37207,,19,47,56,61,49,74,,,,,,,,,2,,277,13,,14,157,149,249,38,31,36.17830976,-86.76900113,"(36.17830976, -86.76900113)"
18-19,Charter,601,Neelys Bend College Prep,6000,37115,,,,,,,,141,115,115,131,,,,,,4,200,218,,80,277,225,281,15,176,36.24190792,-86.67423071,"(36.24190792, -86.67423071)"
18-19,Elementary School,280,Eakin Elementary,195,37212,,,119,97,120,112,103,,,,,,,,,1,47,227,35,,241,272,279,124,80,39,36.13514319,-86.80760668,"(36.13514319, -86.80760668)"
18-19,Non-Traditional,142,Nashville Big Picture High School,53,37209,,,,,,,,,,,,27,45,26,26,,1,82,14,,27,49,75,53,23,2,36.14308831,-86.85571486,"(36.14308831, -86.85571486)"
18-19,Middle School,400,Haynes Middle,305,37207,,,,,,,,54,71,56,53,,,,,,,227,1,,6,112,122,158,49,,36.20764018,-86.78911404,"(36.20764018, -86.78911404)"
18-19,Charter,504,KIPP Nashville Collegiate High School,8011,37207,,,,,,,,,,,,137,113,76,51,,2,256,104,,15,195,182,190,55,41,36.19479841,-86.76918578,"(36.19479841, -86.76918578)"
18-19,Elementary School,595,Neelys Bend Elementary,515,37115,,,51,60,48,53,63,,,,,,,,,,1,89,133,,52,139,136,161,35,102,36.23996906,-86.6735175,"(36.23996906, -86.6735175)"
18-19,Charter,507,LEAD Prep Southeast,8013,37211,,,,,,,,119,123,120,147,95,73,,,1,42,120,312,,202,325,352,314,59,371,36.09233578,-86.70367086,"(36.09233578, -86.70367086)"
18-19,High School,497,Martin Luther King Jr School,456,37203,,,,,,,,,,138,153,254,235,235,236,1,141,525,86,2,496,597,654,166,23,24,36.16167564,-86.80047381,"(36.16167564, -86.80047381)"
18-19,Middle School,470,Joelton Middle,385,37080,,,,,,,,80,74,89,91,,,,,1,1,228,28,,76,192,142,270,62,17,36.31384607,-86.86577624,"(36.31384607, -86.86577624)"
18-19,Elementary School,500,Robert E. Lillard Elementary,420,37218,,,47,54,47,53,65,,,,,,,,,,1,257,3,,5,135,131,197,40,4,36.22057234,-86.82690777,"(36.22057234, -86.82690777)"
18-19,Elementary School,122,Lakeview Elementary,430,37217,21,42,110,91,105,102,96,,,,,,,,,,19,172,225,,151,295,272,283,95,252,36.07881496,-86.63007231,"(36.07881496, -86.63007231)"
18-19,Middle School,498,John F. Kennedy Middle,393,37013,,,,,,,,212,211,210,211,,,,,1,25,341,292,1,184,438,406,346,82,341,36.05546679,-86.6006047,"(36.05546679, -86.6006047)"
18-19,Elementary School,522,Ruby Major Elementary,607,37076,3,31,87,87,108,89,104,,,,,,,,,5,16,235,71,1,181,266,243,224,79,62,36.15616691,-86.57865771,"(36.15616691, -86.57865771)"
18-19,Middle School,120,Jere Baxter Middle,375,37207,,,,,,,,58,66,69,56,,,,,,,122,86,1,40,133,116,172,40,75,36.21902803,-86.75088304,"(36.21902803, -86.75088304)"
18-19,Charter,517,Liberty Collegiate Academy,8005,37216,,,,,,,,107,128,96,105,,,,,,2,154,243,,37,198,238,215,56,197,36.2120627,-86.73292493,"(36.2120627, -86.73292493)"
18-19,Elementary School,240,Cumberland Elementary,150,37218,,,50,58,51,61,67,,,,,,,,,1,1,233,22,2,28,139,148,231,41,12,36.2120691,-86.86656862,"(36.2120691, -86.86656862)"
18-19,Special Education,448,Cora Howe School,443,37206,,,,,6,1,9,10,4,12,10,8,6,14,19,,1,60,5,,33,80,19,49,98,6,36.18893027,-86.73458329,"(36.18893027, -86.73458329)"
18-19,Middle School,770,West End Middle,690,37205,,,,,,,,140,147,111,122,,,,,1,18,220,27,1,253,269,251,139,102,26,36.13197471,-86.82432265,"(36.13197471, -86.82432265)"
18-19,Elementary School,152,Ivanetta H. Davis Learning Center at Bordeaux,7010,37218,44,131,,,,,,,,,,,,,,1,3,131,12,,28,97,78,97,51,4,36.19158751,-86.83263571,"(36.19158751, -86.83263571)"
18-19,High School,325,Glencliff High School,245,37211,,,,,,,,,,,,345,278,285,256,,62,246,646,,210,624,540,534,121,533,36.10140068,-86.72746929,"(36.10140068, -86.72746929)"
18-19,Elementary School,230,Hattie Cotton Elementary,140,37206,,18,49,45,48,37,59,,,,,,,,,,2,163,48,,43,138,118,163,38,39,36.19107041,-86.74772151,"(36.19107041, -86.74772151)"
18-19,Middle School,730,Two Rivers Middle,650,37214,,,,,,,,125,110,102,110,,,,,3,10,196,110,1,127,215,232,237,69,120,36.19446724,-86.67397377,"(36.19446724, -86.67397377)"
18-19,Elementary School,590,Napier Elementary,510,37210,11,44,73,56,55,55,48,,,,,,,,,1,,314,21,,6,167,175,322,49,18,36.15002117,-86.75639911,"(36.15002117, -86.75639911)"
18-19,High School,182,Cane Ridge High School,77,37013,,,,,,,,,,,,411,482,429,398,3,153,685,586,2,291,899,821,665,190,459,36.03028843,-86.62123021,"(36.03028843, -86.62123021)"
18-19,Elementary School,308,Fall-Hamilton Elementary,220,37203,16,41,66,63,56,45,45,,,,,,,,,,4,215,66,,47,179,153,201,70,51,36.13347184,-86.76620628,"(36.13347184, -86.76620628)"
18-19,Elementary School,715,Sylvan Park Elementary,630,37209,,,90,90,91,75,82,,,,,,,,,,14,148,18,3,245,230,198,91,77,7,36.14422371,-86.84459504,"(36.14422371, -86.84459504)"
18-19,Middle School,130,Bellevue Middle,40,37221,,,,,,,,184,161,170,157,,,,,2,36,227,85,,322,341,331,241,109,79,36.07074879,-86.93482036,"(36.07074879, -86.93482036)"
18-19,Elementary School,725,Tusculum Elementary,645,37211,8,61,160,139,135,142,119,,,,,,,,,,89,131,440,,104,386,378,479,66,539,36.06224212,-86.71899466,"(36.06224212, -86.71899466)"
18-19,Elementary School,186,Casa Azafran Early Learning Center,7020,37211,12,80,,,,,,,,,,,,,,1,1,20,37,,33,48,44,18,15,11,36.12651716,-86.75339875,"(36.12651716, -86.75339875)"
18-19,Elementary School,105,Amqui Elementary,10,37115,3,26,100,81,98,80,94,,,,,,,,,,2,206,202,,72,242,240,282,50,144,36.27376585,-86.70383153,"(36.27376585, -86.70383153)"
18-19,Elementary School,686,Smith Springs Elementary School,750,37013,31,61,122,104,102,110,118,,,,,,,,,,17,247,179,,205,317,331,249,101,152,36.08236383,-86.59548478,"(36.08236383, -86.59548478)"
18-19,Elementary School,685,Shwab Elementary,610,37207,12,41,54,52,50,53,53,,,,,,,,,1,1,90,184,,39,187,128,190,58,147,36.19990663,-86.77079229,"(36.19990663, -86.77079229)"
18-19,Charter,506,Knowledge Academy,8012,37013,,,,,,,,58,74,65,65,,,,,1,2,90,128,,41,134,128,100,35,114,36.04540154,-86.65199372,"(36.04540154, -86.65199372)"
18-19,Charter,594,Nashville Prep,8008,37209,,,,,,,,84,93,79,77,,,,,1,6,191,115,,20,155,178,187,48,92,36.16230587,-86.85533179,"(36.16230587, -86.85533179)"
18-19,Elementary School,690,Stanford Elementary,615,37214,52,55,70,54,57,57,58,,,,,,,,,3,23,114,42,1,220,225,178,88,46,29,36.17607628,-86.68231751,"(36.17607628, -86.68231751)"
18-19,Elementary School,455,Inglewood Elementary,360,37216,,37,34,35,38,29,29,,,,,,,,,,1,159,14,1,27,102,100,143,21,10,36.19783128,-86.72384064,"(36.19783128, -86.72384064)"
18-19,Charter,511,Knowledge Academies High School,8065,37013,,,,,,,,,,,,95,95,73,69,2,4,145,126,,55,181,151,100,48,69,36.04521202,-86.65187296,"(36.04521202, -86.65187296)"
18-19,Middle School,270,Dupont-Hadley Middle,190,37138,,,,,,,,149,163,148,163,,,,,2,9,193,78,,341,333,290,240,104,55,36.24977849,-86.64278911,"(36.24977849, -86.64278911)"
18-19,Middle School,111,Antioch Middle,23,37013,,,,,,,,177,242,208,176,,,,,,66,257,365,3,112,412,391,454,94,415,36.05537897,-86.67182989,"(36.05537897, -86.67182989)"
18-19,Middle School,577,Apollo Middle,25,37013,,,,,,,,211,239,219,175,,,,,2,37,255,404,,146,437,407,457,107,404,36.06687798,-86.66406971,"(36.06687798, -86.66406971)"
18-19,Elementary School,682,May Werthan Shayne Elementary School,608,37211,11,17,156,118,159,126,163,,,,,,,,,1,68,208,77,4,392,389,361,243,84,178,36.02103117,-86.71463119,"(36.02103117, -86.71463119)"
18-19,Charter,503,KIPP Nashville College Prep,8042,37207,,,,,,,,94,91,94,86,,,,,1,5,300,46,1,12,199,166,214,52,35,36.23750746,-86.80370654,"(36.23750746, -86.80370654)"
